Date,SP500,PPIACO,Gold,US10Y_Bond
1950-01-31,15.868823555685449,49.3691336558693,35.0,97.32929894299502
1950-02-28,16.13866839748733,49.13046363125777,35.0,94.18726665460154
1950-03-31,16.693227572679998,49.40930106998905,35.0,92.1125458745412
1950-04-30,17.898925914753622,49.602151282591606,35.0,92.24439522760588
1950-05-31,18.991239007543403,49.27887958021706,35.0,92.21122605030791
1950-06-30,18.529403668775572,50.27565510736475,35.0,92.7777347339893
1950-07-31,19.150187841400246,50.113978817561424,35.0,92.09315669825952
1950-08-31,19.158983211505724,49.62051318822321,35.0,91.25995605869058
1950-09-30,19.19545108010454,50.196455209081215,35.0,92.20228073333061
1950-10-31,19.52787703923073,50.963990555963214,35.0,93.29385119555545
1950-11-30,19.709902378804525,50.64929143201036,35.0,93.12128070471404
1950-12-31,20.668359556328205,50.040817540448316,35.0,93.25377833073674
1951-01-31,21.24358339428789,50.6565389087936,35.0,94.0058434896293
1951-02-28,21.427345712055335,49.72074870397357,35.0,94.90502382448514
1951-03-31,21.819806768722813,49.21030472856441,35.0,93.46629113888157
1951-04-30,22.14732708297613,49.784808536546024,35.0,92.64438522846201
1951-05-31,23.25075945602255,49.856820993566075,35.0,91.11962627050696
1951-06-30,23.223910690065647,49.824943864130184,35.0,90.60902840357828
1951-07-31,23.55814993380852,50.1003844279876,35.0,91.89431781943324
1951-08-31,23.072313218948647,50.12404462333969,35.0,92.8310956634233
1951-09-30,21.420573364772093,49.57333840045195,35.0,91.48769330265675
1951-10-31,21.94770278388224,50.30507822677323,35.0,92.37366020715723
1951-11-30,22.626612960847574,51.07223773904723,35.0,92.677352155232
1951-12-31,22.235965605557332,51.27925014965368,35.0,92.17606956897033
1952-01-31,23.861251006146414,51.40495303462894,35.0,90.41579286288655
1952-02-29,22.939467728687408,52.71044597341934,35.0,90.35952254227556
1952-03-31,23.08565534825932,52.670157879941314,35.0,91.4618328235819
1952-04-30,23.071445769546916,52.63877858954922,35.0,88.67714335674873
1952-05-31,24.247705974017446,52.93591462451646,35.0,88.32759153955314
1952-06-30,25.437801886574114,53.82064418832076,35.0,91.490978469067
1952-07-31,25.68323655353837,54.78552495716807,35.0,92.59706329904542
1952-08-31,26.103025859704807,54.75343563342273,35.0,93.14315331544829
1952-09-30,25.538324159155344,55.03176445498366,35.0,92.29948335301091
1952-10-31,24.14842911098674,54.38344433630585,35.0,91.54493991603645
1952-11-30,24.017125300296062,54.32254787198728,35.0,91.61366032816767
1952-12-31,24.249862510243815,53.974725815383295,35.0,93.99955071023597
1953-01-31,25.266143218453475,53.53924058928846,35.0,94.84402743305142
1953-02-28,26.30385897841682,54.546622474282856,35.0,93.79293026285539
1953-03-31,26.129732573799174,54.22355010490193,35.0,95.63613058583769
1953-04-30,26.023408535802446,54.04374160922052,35.0,95.40766417994291
1953-05-31,25.33491791304042,54.34954746606121,35.0,98.02757745416662
1953-06-30,24.382311366401396,55.163608720493684,35.0,97.39049178082338
1953-07-31,23.256138591342555,55.539336403750916,35.0,96.11964458260908
1953-08-31,24.733444372862014,57.18294259590897,35.0,96.56366386607009
1953-09-30,24.47894797812046,57.25461113395991,35.0,98.17964758385615
1953-10-31,24.27963477682031,57.51724744802099,35.0,99.90384634698506
1953-11-30,23.48851053694119,57.790799864540865,35.0,100.34221208663384
1953-12-31,24.153815802085738,58.735707983346586,35.0,99.05567939941339
1954-01-31,23.105131141097246,59.151109788414814,35.0,98.50293773017545
1954-02-28,23.07319503460261,59.20066085030891,35.0,95.71784320762924
1954-03-31,22.568722771374023,58.758142662343346,35.0,94.59824853160667
1954-04-30,22.943523241643028,59.01928938225074,35.0,94.53421949675274
1954-05-31,22.70665077147838,59.96439172223865,35.0,95.27489814198488
1954-06-30,22.01593794450271,59.83823755937738,35.0,94.98032579974765
1954-07-31,22.107403888517972,60.27442457343941,35.0,95.08910811326393
1954-08-31,22.50202007776477,60.543337585816325,35.0,94.71419252065971
1954-09-30,22.65943333436109,61.18722788288164,35.0,95.97061223443477
1954-10-31,22.97834575510346,60.81719583346731,35.0,94.86822717137319
1954-11-30,22.655967312217907,62.36599514520983,35.0,96.24981391250809
1954-12-31,22.522699588796982,61.692965581591594,35.0,99.27332973996917
1955-01-31,22.1809443472228,61.59083220462656,35.0,100.17590745074779
1955-02-28,22.052592208978947,62.291792871829124,35.0,99.58423106019124
1955-03-31,21.62489566909863,62.60121687076483,35.0,98.9823387732203
1955-04-30,20.613099712320047,63.24600073995005,35.0,100.97659121756692
1955-05-31,20.825884293737115,63.05872785560843,35.0,99.4721570011074
1955-06-30,20.67899041653872,63.137674240868826,35.0,98.24794656948409
1955-07-31,19.771059688802367,63.27167257933364,35.0,96.72837242044129
1955-08-31,20.14440585515394,64.39111272972117,35.0,95.06680072162355
1955-09-30,19.69681828991411,64.96446988658982,35.0,93.76702415068902
1955-10-31,19.825997152023508,65.61195263829643,35.0,95.06556373528764
1955-11-30,20.358775560062597,65.3114983873428,35.0,96.82753156373029
1955-12-31,20.539347461798723,66.07491315297783,35.0,96.00874865311503
1956-01-31,21.344120595849102,66.35611586757591,35.0,96.49935438513178
1956-02-29,20.660153062093446,67.41061097455132,35.0,97.79122502927865
1956-03-31,21.012827024103373,68.90312245232596,35.0,98.13432192856169
1956-04-30,20.686197279665215,68.82955749893289,35.0,96.92490067242842
1956-05-31,20.249223817507147,68.68755996714111,35.0,94.98097234187091
1956-06-30,19.998832244039573,68.23144366566886,35.0,96.61050515870782
1956-07-31,19.91190580050314,68.26994017934803,35.0,97.5227683240832
1956-08-31,20.045016099617605,68.14567151423842,35.0,98.56180889960835
1956-09-30,19.444577760606617,68.5269495444778,35.0,97.1213572847848
1956-10-31,20.067286369641494,68.56493621386852,35.0,97.65791955791966
1956-11-30,20.447960247379417,68.45413577007852,35.0,98.77463726374283
1956-12-31,19.60780855379779,69.31979659609172,35.0,99.4374652231921
1957-01-31,20.581288519438186,68.80829952073476,35.0,98.5250918504617
1957-02-28,21.854790226018334,69.24393033742872,35.0,100.21813793012437
1957-03-31,22.736923584660726,69.10132819131863,35.0,98.12212776664894
1957-04-30,22.72788008529859,69.74007910556601,35.0,99.6853240293045
1957-05-31,22.11144137024376,70.84564176228021,35.0,101.50117585856498
1957-06-30,22.921462003228683,70.77260114299622,35.0,104.09807885130056
1957-07-31,22.758827161126124,71.22627680565601,35.0,103.77148332360349
1957-08-31,23.707263779055882,71.4960768607232,35.0,102.42334126079986
1957-09-30,23.97392899326652,71.0675133612255,35.0,103.84786613235586
1957-10-31,24.796214885614233,71.38077008360597,35.0,102.96638164411573
1957-11-30,25.185292092912764,71.7299080669108,35.0,103.24026528673352
1957-12-31,25.8450761021552,72.16951974298576,35.0,102.95512256453519
1958-01-31,25.98244269770409,72.17067525146132,35.0,101.76793885398128
1958-02-28,27.50439324439548,72.38299582113295,35.0,102.4614865423922
1958-03-31,27.74663441377314,71.69708663052654,35.0,100.52698921395888
1958-04-30,28.21998314301377,71.5837234448547,35.0,101.62103300495293
1958-05-31,29.955357486529305,72.12486967884446,35.0,100.35036703015918
1958-06-30,28.893956139495018,72.91281504635774,35.0,97.94436962098418
1958-07-31,27.937145785528497,72.75071904982265,35.0,98.06664220825826
1958-08-31,28.889296829250796,72.97240069728105,35.0,98.89770873180393
1958-09-30,28.017022005366517,73.28476148488863,35.0,99.95136679531761
1958-10-31,29.790741441246332,73.57898510624062,35.0,101.37820313768158
1958-11-30,29.5700346651224,74.12403879223976,35.0,98.0018420256639
1958-12-31,29.054816897900537,72.92465430180567,35.0,96.72025562368137
1959-01-31,30.876212836930005,73.0345342027666,35.0,97.0684276927365
1959-02-28,32.40197459537122,73.35518034843082,35.0,99.47427344877465
1959-03-31,34.379362408081064,72.7680965775726,35.0,100.84265820683878
1959-04-30,35.48573635006413,74.13176030670007,35.0,103.92038629800481
1959-05-31,34.746328203881816,74.39979055605573,35.0,103.30994845641672
1959-06-30,36.91109215743456,75.71175999301279,35.0,103.9418184379018
1959-07-31,36.798878704511054,75.26466462001905,35.0,102.43470758526718
1959-08-31,37.868757965270724,74.73231755569603,35.0,102.01828147975816
1959-09-30,39.13423942008959,75.0493710727052,35.0,101.09711395933788
1959-10-31,39.14792455432362,73.939624756277,35.0,100.33789183115849
1959-11-30,40.06486216291549,74.24644875685361,35.0,99.94639978438194
1959-12-31,41.37362896919108,74.46712348163817,35.0,100.15036670887586
1960-01-31,42.04771982185394,75.37239444796754,35.0,100.38403653974723
1960-02-29,40.87113952853095,76.05153088176975,35.0,101.40311536187758
1960-03-31,41.441175247094904,75.88613602786107,35.0,101.81885059321776
1960-04-30,43.297390835026846,75.20506049557663,35.0,101.49703333718784
1960-05-31,42.61168850667487,76.64321079414792,35.0,100.90442482909472
1960-06-30,42.633461536539784,76.18939483079235,35.0,100.64136943521218
1960-07-31,42.290065777928085,75.54519478761539,35.0,100.16477648144517
1960-08-31,44.84768064836156,74.87672855390522,35.0,101.1027761244255
1960-09-30,45.97644486852522,75.86308367924578,35.0,102.61758667041167
1960-10-31,46.76833649236686,75.62115615030966,35.0,104.78391248067376
1960-11-30,45.921947353612474,75.20243843132799,35.0,103.73968406288728
1960-12-31,46.89445827956997,75.4563894147418,35.0,104.6775513264811
1961-01-31,46.180256626315355,75.45114918689998,35.0,102.69703168263182
1961-02-28,46.45525620993698,75.09042066752636,35.0,103.47728478395022
1961-03-31,45.80138071655143,75.8067768732128,35.0,105.3647191744425
1961-04-30,46.95983498627007,76.76597176504971,35.0,105.33902677527256
1961-05-31,48.0069324492865,77.67589226928868,35.0,107.24456138835797
1961-06-30,47.946973582883835,78.42695575022528,35.0,105.62747233319179
1961-07-31,48.75632815251723,78.8995766088642,35.0,104.43074695205144
1961-08-31,47.40129982496331,77.65620764906441,35.0,104.42686759629471
1961-09-30,45.517679876045385,79.10779693674633,35.0,106.23691471179575
1961-10-31,46.34527099937611,79.50490954192036,35.0,105.78419227794542
1961-11-30,46.808733203716585,80.14743357864145,35.0,105.27607943597943
1961-12-31,47.93452738289883,81.20134213300989,35.0,103.92071040743778
1962-01-31,51.60124757385715,82.52764628711317,35.0,104.44480496225286
1962-02-28,53.3213434068251,83.03799561053296,35.0,106.606857034749
1962-03-31,52.12776290329052,83.56574040239181,35.0,107.94053031207713
1962-04-30,54.13522852455619,83.2321256790665,35.0,109.28436398877098
1962-05-31,52.26879621562303,83.42613123367933,35.0,109.16364660893937
1962-06-30,51.80634604734127,82.88038980175246,35.0,108.45958034476435
1962-07-31,51.95931733096975,82.44946106197595,35.0,109.77830662372475
1962-08-31,54.88983746275121,81.87761270520407,35.0,109.94531607928732
1962-09-30,53.937902516109794,81.91361929341613,35.0,109.87889552619387
1962-10-31,52.87030118867796,82.93679673198892,35.0,111.57911862984331
1962-11-30,52.97849625604661,85.73257522759923,35.0,111.47124262409771
1962-12-31,52.18888628002675,86.06650329737121,35.0,110.29336569922634
1963-01-31,54.21376693196117,85.07810430933014,35.0,112.01811431870081
1963-02-28,52.7284211137141,86.32448435481955,35.0,112.3777818960544
1963-03-31,51.17693690970911,86.23748319313881,35.0,110.85445159850397
1963-04-30,50.7606329300269,85.84026593432176,35.0,109.22560191184996
1963-05-31,50.25602282217202,86.19208181610134,35.0,109.60037440917458
1963-06-30,53.416421144265044,85.29514580985335,35.0,113.66228976867754
1963-07-31,55.204943099962605,85.65548638158741,35.0,113.21988100920426
1963-08-31,55.62596565443244,85.75109887011207,35.0,112.87522747654005
1963-09-30,53.859114460239546,86.00696120399199,35.0,115.6809182397915
1963-10-31,55.492709298300724,86.50701965618339,35.0,115.8128849494264
1963-11-30,54.10503305954059,86.73841923573346,35.0,113.52824382652933
1963-12-31,51.86816148702103,86.92606747009786,35.0,111.07694802686655
1964-01-31,53.97612992808977,87.3470630356495,35.0,113.34291327986261
1964-02-29,54.75923064576033,87.88459740851297,35.0,114.70249758286093
1964-03-31,56.545792420697055,87.15385239574252,35.0,116.35328280914368
1964-04-30,57.3692026138621,86.08186762966726,35.0,116.48518689719513
1964-05-31,59.130719296331556,86.20097217844621,35.0,115.44838947848383
1964-06-30,58.271504544448455,85.13834220173428,35.0,115.30321927797354
1964-07-31,56.754855473517495,85.38314172938524,35.0,115.769098275813
1964-08-31,58.19914370218355,86.35543958818802,35.0,114.54487857381773
1964-09-30,57.08740678578518,87.0524244204387,35.0,115.73863650668758
1964-10-31,56.191905559869895,86.31407151808042,35.0,113.78335463281206
1964-11-30,55.704947905156324,85.74417211309078,35.0,113.44298521432509
1964-12-31,56.0126829139696,86.19715968475194,35.0,113.32272225383937
1965-01-31,55.69790186740393,86.0236466942191,35.0,112.37474400294145
1965-02-28,53.678934310343244,85.92329555535339,35.0,108.8818469959353
1965-03-31,52.91086648289711,86.60802386653583,35.0,109.83108383355543
1965-04-30,49.646155195561626,85.92617041916797,35.0,108.80567212431471
1965-05-31,50.82559610106469,85.75325713938717,35.0,111.18695165188596
1965-06-30,48.63695802153539,85.23866687062194,35.0,110.83896605056987
1965-07-31,47.26872742805913,84.51999452650364,35.0,110.16058792702181
1965-08-31,47.57904437258494,83.96463207740392,35.0,110.53214077485667
1965-09-30,46.761308575799134,84.70138995951405,35.0,112.49978931530813
1965-10-31,49.15971656766141,84.91468532960711,35.0,111.7740402429474
1965-11-30,47.4988207731633,84.33797821874921,35.0,113.69890830250237
1965-12-31,48.11685291844515,84.31174775171175,35.0,116.38272039322473
1966-01-31,48.30073221543114,83.0986641642977,35.0,118.34433277558523
1966-02-28,46.84964273939878,82.65548834537856,35.0,121.4682056852366
1966-03-31,47.81935069108913,84.59754065121177,35.0,124.06637298798526
1966-04-30,47.81235041936998,84.69039165510797,35.0,127.13369500956662
1966-05-31,49.15844578001643,85.4794172492998,35.0,130.4474213944119
1966-06-30,50.61870353798385,85.59439700235886,35.0,131.11544824136536
1966-07-31,54.15680303165422,86.06359915381653,35.0,130.53351087802335
1966-08-31,56.59904947393031,86.8065501357809,35.0,126.36509883723186
1966-09-30,56.25518448798253,86.02128367551248,35.0,124.11061951415154
1966-10-31,56.132470816508985,86.1667144772353,35.0,123.52429091436281
1966-11-30,58.26493147581835,87.69950417024306,35.0,123.06403615666368
1966-12-31,59.701623024271676,87.17725314051525,35.0,123.02811167844723
1967-01-31,61.146637871103934,86.85780094161937,35.0,121.42734280143861
1967-02-28,58.48622828961043,86.76426266629245,35.0,118.76363196115132
1967-03-31,58.735977133108555,87.17120794511123,35.0,118.76917258184758
1967-04-30,57.729188020575116,87.80312760346123,35.0,118.66925576685412
1967-05-31,58.502628554970514,89.09156093120973,35.0,117.46911672185428
1967-06-30,58.62288002411115,89.71475482609318,35.0,116.3963555717637
1967-07-31,60.51671369211936,89.83851352607346,35.0,114.98768626849647
1967-08-31,61.39520737777967,91.14940758517687,35.0,114.53373143153318
1967-09-30,63.150486463687386,91.97349942577122,35.0,113.2916655242292
1967-10-31,62.58260111036096,90.78181763332674,35.0,115.65924947518447
1967-11-30,61.1223370167836,93.25686427729964,35.0,116.3086704914495
1967-12-31,60.67605283562087,95.09395119265977,35.0,114.84495276732223
1968-01-31,60.94845115387674,95.12417754414787,35.0,114.59152248961193
1968-02-29,61.94645474067772,95.67390977537113,35.0,112.79194466552578
1968-03-31,66.45487240415649,97.13232339049512,35.0,114.72999500998013
1968-04-30,66.70290095752412,97.15932540643279,35.0,117.34157104006069
1968-05-31,65.12348632165045,98.06324892986976,35.0,119.77993237616349
1968-06-30,64.77315757013972,99.34256096589365,35.0,117.96282415148987
1968-07-31,64.1961661045514,98.53309204173667,35.0,118.037258068811
1968-08-31,65.44442487507291,98.13666202613265,35.0,117.56232806307285
1968-09-30,62.74654976566155,99.23717479542469,35.0,118.78852625619744
1968-10-31,63.17936667051084,99.89294841318635,35.0,117.23018150674082
1968-11-30,63.79190302231679,101.0155419314499,35.0,116.27611828025475
1968-12-31,64.55520064177564,101.08365871688258,35.0,115.7879614358545
1969-01-31,63.72118088462605,100.99368899320137,35.0,116.28577174901322
1969-02-28,63.584967181742435,99.17717663512175,35.0,117.72910268029564
1969-03-31,61.18642603277745,98.23896012115546,35.0,117.38404864127557
1969-04-30,60.586823746326154,98.48167528335992,35.0,118.7879003693833
1969-05-31,59.90305028807493,99.49067639742337,35.0,120.49026703563071
1969-06-30,60.95024554482192,100.21813069996138,35.0,120.34589215730071
1969-07-31,59.140908679121374,100.29004525221801,35.0,118.3379363517747
1969-08-31,60.82263619032298,100.21806551570627,35.0,116.49566851392197
1969-09-30,63.85370406352437,100.63615487326187,35.0,117.76266429416987
1969-10-31,60.20768624774776,100.9161359083405,35.0,117.15696774642213
1969-11-30,61.27864623667803,102.53538124090824,35.0,114.38158480712868
1969-12-31,62.829439708262925,102.89060560569206,35.0,115.66200492600373
1970-01-31,61.94209257186179,101.57232387588877,35.0,116.11809696975979
1970-02-28,61.51356760974073,100.48290165321656,35.0,113.90145983573316
1970-03-31,61.57591669598694,102.20996090743316,35.0,116.14432761968084
1970-04-30,61.33369388798091,101.21733817943657,35.0,117.83417413778317
1970-05-31,61.07177515189224,102.19357682820555,35.0,118.31507646757848
1970-06-30,58.306438199234705,102.12370428451982,35.0,116.29013871894942
1970-07-31,60.6136208652425,102.15458823502543,35.0,114.07656081340161
1970-08-31,62.879876730072326,102.22187461957024,35.0,113.77927418133271
1970-09-30,61.65994878306047,103.67484097069007,35.0,111.08171199422665
1970-10-31,59.255659058579674,103.68226219356353,35.0,111.97883057182143
1970-11-30,60.47821863386713,103.85508053175012,35.0,109.83305306132817
1970-12-31,59.73593080528332,102.47297348780653,35.0,110.32441219559163
1971-01-31,60.289001589561366,102.8897213480465,33.58791742900322,110.06824202262575
1971-02-28,60.012886854043586,103.641888946412,35.1972888033344,111.46355280402669
1971-03-31,61.55798839300866,104.09702772142629,35.490222681311366,110.11827533995715
1971-04-30,63.14879912661058,105.76039023528936,36.07174129860505,110.79065111400834
1971-05-31,62.08992502926187,106.0302604558736,34.379472843721196,108.69420361877427
1971-06-30,59.823585726048314,106.5593275522127,33.391801926073065,110.20866640054454
1971-07-31,57.28179212731769,108.52908099533013,33.87133724159814,110.2390369891182
1971-08-31,58.61710982933889,107.06392300231317,34.99513728048452,111.27944656665383
1971-09-30,56.819570567931,106.79002634892487,40.26032408402034,109.2977955132032
1971-10-31,56.239755792528975,108.52660170868158,40.869982796004805,110.33462327082304
1971-11-30,55.51485789454822,109.7596040643654,43.02799457069298,111.06206506299591
1971-12-31,55.704884204551824,110.72371058303287,39.85051930922894,111.890084778479
1972-01-31,52.74760135440583,111.86709979913107,37.36007732150188,112.63857455742993
1972-02-29,53.310067906215615,112.45671348129598,36.84545201744981,112.53697926675703
1972-03-31,54.41447822742845,114.51646775250673,34.78684559031879,114.85743419459868
1972-04-30,54.83089387047505,115.17809714579855,37.51135003847508,114.81855842337056
1972-05-31,54.5936633392415,115.68472770833903,36.89200258976855,113.77514040991986
1972-06-30,55.026154612531634,116.09998807308675,39.58914349043416,113.90246697729532
1972-07-31,55.96002496297708,116.5561030786242,42.69052229967784,112.50627682786507
1972-08-31,51.58519429193782,115.44064103031621,42.95259881815972,111.94825173076481
1972-09-30,54.87000375657065,116.56119222669726,44.2020893890499,111.87451150211238
1972-10-31,55.78648643779248,116.64227250231546,44.25491204984143,111.46132404757856
1972-11-30,54.97355139398446,119.00068022052726,45.62335580279432,112.01762262186537
1972-12-31,54.60365628704856,119.14865700637807,46.90843308991383,115.51105134576231
1973-01-31,55.68547775763175,119.88847280308042,46.80605631213602,116.73133869244863
1973-02-28,55.76994604697976,120.42389734369429,48.17506320679897,118.8423677204143
1973-03-31,52.65126088101625,119.91142497659546,52.51972231110589,118.18212212315574
1973-04-30,56.17546175233409,121.34093323534279,54.60217191973682,117.37786390695608
1973-05-31,56.270048887222536,123.89523710199619,55.710048933185234,116.94677366495793
1973-06-30,58.2735541825084,124.12471930486555,56.28043493505234,118.67680663558207
1973-07-31,57.35507582436512,124.0000002942967,53.655872482155836,115.0901826297833
1973-08-31,60.285421876719425,123.80776466733178,51.114470460200565,113.53675615491872
1973-09-30,61.10471948870123,121.71248923713385,52.14533823586439,113.93811286854742
1973-10-31,62.526340037686154,121.73949341221638,48.78355142177637,113.78299917311358
1973-11-30,60.87829571595737,122.28853623394356,47.109476535965165,117.36897794340271
1973-12-31,63.39466102754593,123.82296133392592,50.3164808630819,118.3918777214015
1974-01-31,65.02355799402346,125.25936679990508,55.33361188252443,117.45269015068503
1974-02-28,67.8881959982162,124.98818142011727,50.94577798171162,114.90818261797615
1974-03-31,66.94844503761762,124.89216175603693,55.2931074663917,114.55100196290675
1974-04-30,66.31706673474943,126.54561571182165,54.92972588934559,112.54082647309764
1974-05-31,71.23232199017146,126.5791959866567,55.10823352702404,113.55383568536803
1974-06-30,69.32326194815899,126.18676308791291,55.01617072982511,114.05535696939435
1974-07-31,69.38714395654287,128.19631057083183,58.208605421421616,114.83098802717974
1974-08-31,72.10064901552148,129.78284973614416,53.76240926136804,118.64195866375616
1974-09-30,72.67253326851694,130.06680395849756,55.20368163660442,117.26428945923719
1974-10-31,74.3068375554358,129.55463021746252,52.81648068492468,117.16038589741335
1974-11-30,73.7879179193396,127.20725536988206,54.5350986745273,115.26382448124303
1974-12-31,74.97602711327814,128.21181565209068,58.96006659640096,115.35500073192087
1975-01-31,72.41216146904654,127.3189873871551,59.19467658313254,118.34259192039569
1975-02-28,76.37628707167053,125.07469484276783,60.53885475476386,119.588838346163
1975-03-31,76.4874205760602,127.30705367084067,62.02069995464726,119.62264543103989
1975-04-30,75.30910538826721,128.3865764816531,59.78921532802836,120.31340086241656
1975-05-31,77.19119232781954,127.181016009628,64.5473587187682,118.36879526782502
1975-06-30,76.51024299793238,125.8908900243647,70.31294905855042,117.90644608171677
1975-07-31,73.8302610168498,127.23913334376134,73.06142377947472,118.29303639518388
1975-08-31,71.21655717286423,126.37648940695574,73.62138637483125,118.70603639835716
1975-09-30,73.0548840205352,128.26727108580428,72.21560876811344,116.21804765686139
1975-10-31,73.07042987014187,129.31452116563577,70.24235256058677,117.0216196460421
1975-11-30,73.14269310631414,130.26704742912952,76.5319812910687,117.74574327163678
1975-12-31,75.87327910527829,131.0547663450964,82.25050849563016,117.31529214016922
1976-01-31,73.68776642807973,131.56778137078317,82.31770103838623,117.55726959300527
1976-02-29,72.44094491260121,132.98938598300333,76.14415939239544,115.17645588501786
1976-03-31,71.96671792551803,132.65148606899044,65.66667786878973,112.85024458067919
1976-04-30,72.53025674157179,133.03080561119478,62.37209310556323,113.30393742729214
1976-05-31,72.80114683960154,134.29718782577004,62.214228102960824,112.39571030251199
1976-06-30,72.53858107521219,135.32186156123095,66.82022436988031,112.60101985956412
1976-07-31,72.7671652276446,133.9754268940528,64.9103145622965,114.24413448726656
1976-08-31,72.89675203069248,133.5729517598509,66.80834232389425,114.17456564100394
1976-09-30,71.6875311106722,134.17777476771133,71.42874368297933,109.58931270746841
1976-10-31,70.29752496143371,133.89866525993207,72.1735180392445,109.5608409031695
1976-11-30,71.22794720152349,136.54270671651636,71.9481639200173,108.9894087715592
1976-12-31,69.68034536275172,136.27897011628966,67.5277999829485,108.82369960530716
1977-01-31,67.609399664531,136.33045842682608,63.73788557803713,110.51002753961166
1977-02-28,67.31402991429886,137.6520870328632,65.31890266472222,108.11439637988398
1977-03-31,67.33220399659388,138.38237642631876,64.92402529509307,108.72625351969403
1977-04-30,72.22737002309654,138.458106932951,65.58148271461164,111.50470494517484
1977-05-31,71.06154744582264,137.68759652765834,65.6887815107341,110.68078031985986
1977-06-30,73.42774218588778,138.3781191795363,68.13287730427578,111.68630616564761
1977-07-31,75.44081146786564,140.09275752855248,65.73225825723627,113.52852562417542
1977-08-31,73.12716635886912,141.0441207542364,64.8922636137583,114.1135916552404
1977-09-30,75.18917616414379,140.22862689005274,71.30421052022261,113.16913568268421
1977-10-31,72.89467174458008,142.94453981817156,68.73802140317277,112.19103576109164
1977-11-30,67.44396048127079,141.1626247897847,68.0452265893382,113.66713347736778
1977-12-31,69.00795798487465,139.21078944522438,66.31215991145183,114.90408609042836
1978-01-31,65.7178850665618,140.82641031935486,68.0521291925768,113.77836774551801
1978-02-28,66.9355082659,141.4261061790578,71.80313642996342,111.99806655301468
1978-03-31,65.89664729424585,140.9318239938676,70.3016911346667,110.07034455192859
1978-04-30,69.50689553521934,139.6654518776489,69.066440011235,113.03396413432185
1978-05-31,72.08249314879518,143.18613836411078,68.37929245593494,113.14483046807067
1978-06-30,71.46247024154279,143.64016853905522,70.46429258742212,117.37683507685158
1978-07-31,70.34514534847598,144.6947763382738,68.14110141107962,118.58971151644448
1978-08-31,68.13473753366966,145.44412902141184,67.13274950833626,119.60873332152585
1978-09-30,67.5741467866207,146.36741992649254,59.43868565829492,120.39744375383012
1978-10-31,67.3436740190328,147.4506770933816,55.569985036963594,122.44266495969956
1978-11-30,66.94359829401718,148.82554260914645,55.47984008513686,120.91324002617519
1978-12-31,67.59302588364159,148.56476692044157,58.19242748285155,125.07267925770927
1979-01-31,69.10411157016672,148.42861921701672,59.283755998869914,125.13464957602811
1979-02-28,70.17450894622942,146.1413003407503,56.26393496864944,124.06462301445575
1979-03-31,68.91667875222919,145.29323593515429,52.54979449684613,124.8758090108015
1979-04-30,66.28862775261,145.97773096201632,53.21896382405795,127.17166114169754
1979-05-31,69.33365920343641,147.79518783552186,49.03381481708792,125.50401805530986
1979-06-30,68.24626645546343,148.97612980440962,51.843272988232854,126.82219185072816
1979-07-31,67.25199970288998,148.76653179556916,52.21627546551722,125.71292095837315
1979-08-31,66.5367289971237,147.1848863272701,48.22872695758706,125.00966993040068
1979-09-30,63.190458066660625,143.39140319882725,46.0923056198318,124.34183873618197
1979-10-31,62.6003084692157,145.3296735127807,44.6074159078159,126.01462466206704
1979-11-30,62.012511954083266,144.7640082974684,43.0613395774299,124.17026315109115
1979-12-31,63.47667380560894,144.40432039527087,40.02565937500725,124.77736157344539
1980-01-31,65.12412927326945,144.88312753023612,38.435314803846765,124.38415467163107
1980-02-29,65.45711719568568,143.13647442931978,37.27379659993716,123.05223015375573
1980-03-31,67.61428602865439,142.92208149738477,36.097275757384104,121.05843282911586
1980-04-30,68.64195214843161,146.0999138895065,38.27747292704307,119.11625306325885
1980-05-31,68.95286838654751,147.1304835993558,38.63120998798725,116.43531067099826
1980-06-30,69.63052649273091,147.9533095878594,36.867198420993496,118.23336387660055
1980-07-31,69.58042003112203,145.90786325281599,36.39783915754436,118.04125860971413
1980-08-31,69.10410828021169,149.47327056360683,34.942731626283724,118.55825322952174
1980-09-30,68.8945842018998,147.64551902139777,34.55834994419157,120.89063083137886
1980-10-31,66.90764097320958,150.77903642189327,36.209390928648475,118.91990110119694
1980-11-30,67.80508996607215,147.89153341525358,36.81095705811606,117.47821312453728
1980-12-31,66.1239503423072,150.26573297950165,41.16495923360897,118.162022442374
1981-01-31,68.12412961138288,152.99764555277997,42.1033709283691,115.16529255271482
1981-02-28,67.95492580001311,152.04231429853158,40.348513985498194,114.39591610978978
1981-03-31,68.39560326317832,152.98889990490366,42.143499801534894,113.03764808599546
1981-04-30,69.75086920631259,154.13246220916946,44.58767785250692,113.82245000998341
1981-05-31,71.44577584567814,153.186405659261,47.205346830484416,113.32308383256348
1981-06-30,68.43657248517052,151.27292728891626,44.81146703259929,116.96327503725567
1981-07-31,68.35396199465904,149.5821235451313,44.65992044406419,118.84268428492652
1981-08-31,70.50064328177845,150.6905393761912,47.365891723320416,117.55935237639919
1981-09-30,67.26161991927218,150.8636592944138,43.56542081775543,117.1114863280404
1981-10-31,68.37940138301387,150.3140614247268,42.65181743315818,116.73511721671446
1981-11-30,64.09427443630513,152.0678778097156,39.77935042052454,122.75848761458592
1981-12-31,62.44864078101723,153.14462165297886,38.083615923865516,120.22315722545245
1982-01-31,62.833256748573525,152.2939603622629,36.3080489203377,120.83065632095385
1982-02-28,60.02451887081335,150.7691909177442,38.72356864893333,117.29436808901244
1982-03-31,58.549997229022075,151.85964678938183,38.42435543875032,117.51675098345441
1982-04-30,56.25746914691006,151.34699387826987,36.91935877413004,121.118446488964
1982-05-31,59.32035349560295,151.79983144324888,35.15534123195008,120.61861107177671
1982-06-30,59.90921671835991,154.49625028962592,35.544980472998965,122.8582955964875
1982-07-31,61.228340287894525,155.58132108526658,35.66736961207204,122.98217012807666
1982-08-31,61.12546118449452,154.55095733793877,38.20701896589991,122.44873733226002
1982-09-30,60.782978131216204,155.1083626595516,39.31505441085784,122.23140975600523
1982-10-31,58.13926956411875,153.9409473965999,36.65775425100266,121.39980350986906
1982-11-30,57.92094957888896,156.7250035373448,35.65153425763154,120.5025528489915
1982-12-31,56.887363766631665,156.15831922923886,37.70162673577448,118.339180617631
1983-01-31,58.63595149642425,156.79430638242525,36.68164184067832,121.25056243313517
1983-02-28,60.93641906508075,157.5904021511715,40.00971617140892,120.77815254696426
1983-03-31,63.92214281653082,158.1565464090116,37.972642615026494,121.55193162985887
1983-04-30,65.876661935596,155.3752861146559,39.211715296067105,120.19687339795455
1983-05-31,65.02292555470132,153.43865582029846,37.68007520283075,122.45114873760181
1983-06-30,63.17127358313027,153.05145294950643,36.87071635702131,122.19359274634769
1983-07-31,64.94006263886037,153.8464509175026,39.04347383979738,122.27112580069794
1983-08-31,65.95889328858748,153.94217538805694,38.95159056274743,119.16120256838722
1983-09-30,62.789162586681314,152.77660609699254,40.69165986470003,120.10729999614205
1983-10-31,63.77272052205053,151.02208239864592,41.81737549943056,123.61114048313786
1983-11-30,65.64990847463645,150.7176859977114,43.56087921971127,122.2469476904974
1983-12-31,66.09421180310727,150.313045115712,41.80060976721674,121.65118485513446
1984-01-31,66.05775356632378,151.3845313018146,41.50471495859904,119.81731035085707
1984-02-29,64.78749899126015,151.19330468992857,42.55115801766924,120.28908293630704
1984-03-31,62.29991552455288,152.40694492268315,40.914910951014704,120.64518228295881
1984-04-30,64.10716994132633,151.8054712655079,44.412113052995025,122.16244221773577
1984-05-31,63.833212223764015,151.720524462048,42.863844521399415,123.41730743160642
1984-06-30,63.705290476278066,151.49590771840712,42.392334565598745,122.1599639064916
1984-07-31,67.335322124472,150.61364559564666,40.42838447212147,122.81647851762266
1984-08-31,69.05473181084201,151.8563868845913,36.257573884826535,122.45729968734152
1984-09-30,70.16822210026288,150.92460217333513,39.66019948522952,120.6981400025253
1984-10-31,70.81810993971446,150.43916600398765,39.41363413316171,120.70986726380559
1984-11-30,74.40149538413839,150.63004375044608,38.68859109148814,127.83475549729476
1984-12-31,78.61170333860926,148.97706029456995,38.45894516761903,132.52981408727936
1985-01-31,81.1968612575628,148.79093586638382,41.343104480898525,133.07284161055296
1985-02-28,83.02108984490496,148.03015834857817,39.51345173220148,136.80990734114883
1985-03-31,78.21930840120892,147.7516333995072,41.01410914226348,136.99039374817588
1985-04-30,78.90072822017751,147.95859206349598,40.30910070487168,137.15518290502405
1985-05-31,78.98726585830663,147.07096831309994,39.26777382751339,133.41858514405155
1985-06-30,79.6048354488299,147.04144266932173,40.53820060463727,131.76398342138143
1985-07-31,82.2549904841332,149.25981096788163,42.70342813825699,130.47895662776548
1985-08-31,75.90570185705064,149.51982371053433,41.776970965444185,130.95034910706102
1985-09-30,74.98880943650592,151.53125734007716,40.338069398278925,131.239719001104
1985-10-31,75.9709476708505,152.35936723934364,38.1414684064366,130.3624949663886
1985-11-30,75.28680145271844,153.8435921803585,40.39849698281506,129.47183258991578
1985-12-31,72.46300558349964,152.95982386719925,39.398117092220254,129.40809399072975
1986-01-31,74.71435179150293,153.4262093298725,35.9130961149881,126.98542244774049
1986-02-28,75.7085126996976,153.93851926950404,38.58853583263575,126.07245079669332
1986-03-31,73.88142878206916,153.30332931695511,36.0998463521269,125.60354347302645
1986-04-30,74.94861027222369,152.348512759883,37.65116600833538,123.50166438581036
1986-05-31,77.17065454371425,150.3828126307507,38.14708579368688,123.13689377266046
1986-06-30,77.56876092580852,152.93351512294356,38.848830871563756,121.84123414495372
1986-07-31,79.81956932572625,151.75225223334562,37.869111383245354,124.34272434249432
1986-08-31,80.40606797665768,154.09867753646708,38.712819015178844,124.13668136605945
1986-09-30,79.85473406317143,153.68647409335998,35.63944723372046,124.0320111754213
1986-10-31,77.47645122335229,152.6683114999083,36.829872038537765,125.07641300207419
1986-11-30,77.6641051531932,153.9240375831755,39.8444155563093,126.37151981647176
1986-12-31,78.50511329408646,153.26032953670546,41.76497056940124,123.33309012243016
1987-01-31,80.96035936580947,154.438072208203,37.714728840183724,122.88270707539613
1987-02-28,81.08558690220607,154.23296027889955,36.00962897340504,121.45290719351338
1987-03-31,82.60370922337684,155.28239912172478,35.815546216128546,121.43134278497152
1987-04-30,80.62631186061861,154.08954137197108,36.83080467846472,120.69729179711497
1987-05-31,79.13642834825282,155.6787454871548,36.78172270757779,121.2230542625737
1987-06-30,79.27003604440844,156.7497727288189,36.02178585730379,119.68268640619351
1987-07-31,77.15837313402395,155.62172190770428,37.23806201095695,118.90277314822735
1987-08-31,79.44283466053427,160.04594742947666,39.55455204204329,118.08622083439997
1987-09-30,80.94382041918706,161.230484339223,39.25335598039561,120.23998013077137
1987-10-31,82.02627184426515,165.24587645934824,40.84101658277796,121.14419138123205
1987-11-30,83.27037446060964,168.22074479505523,35.73782793650362,122.05681062684653
1987-12-31,88.735517957894,168.23952701093089,34.20555179176909,121.77671780540271
1988-01-31,87.93104835054923,167.8824020150064,33.79293203843084,121.31752608137707
1988-02-29,82.56345238881465,167.54082985075942,33.10259951187286,122.58105337189542
1988-03-31,83.46991702028501,164.80986649056837,33.78583421537059,124.25569553661168
1988-04-30,83.76055040443634,163.99268129235503,35.633497948907944,124.53243804343677
1988-05-31,82.87892276109508,164.725344874183,36.678751425691466,126.91408595008494
1988-06-30,80.85958644559908,167.56843441873255,35.684343760932364,129.59353743212202
1988-07-31,80.19850388470222,166.6086495416353,33.11013213548959,126.61671289177534
1988-08-31,81.03578852572785,168.41144942911012,34.164630445386244,127.68734371289776
1988-09-30,80.2185830337423,166.63876172609008,31.161257516961243,127.86112249403257
1988-10-31,86.42538442313715,165.99500281977834,32.303375694849315,128.86155039310847
1988-11-30,84.36715253257027,165.56733230802257,32.12821212265886,131.27637047795236
1988-12-31,82.78159668975948,166.51406466149962,30.367851175463322,129.72624958485198
1989-01-31,77.51183603935075,167.60857767166658,30.925491945867932,126.83282084492056
1989-02-28,78.48418578185556,169.55676213783394,31.044746669170582,129.19100726005485
1989-03-31,74.1289257391248,171.20288185353394,31.11211797147915,127.51446071939108
1989-04-30,73.29989459410906,171.9615986097619,31.105548186489706,126.4569459720384
1989-05-31,73.0601954332999,172.9767996042509,31.88244674773784,127.09799586294126
1989-06-30,71.86991049378882,176.0705427536512,33.48363745857326,126.0441593582543
1989-07-31,75.97843875692028,175.52309333879236,34.44899617153009,123.28591492446105
1989-08-31,78.62490695152857,177.23396663606826,36.33014077527957,123.59571350566353
1989-09-30,82.12954191095245,174.38378936591837,36.395281228404585,122.39408262240303
1989-10-31,80.36601002027395,175.44985718437468,39.48607646642602,123.73648845697795
1989-11-30,83.4888581273033,174.95289626661972,40.77156507765898,123.04465939479832
1989-12-31,85.14861899714941,175.30730041728518,39.826288512292315,122.02010440382945
1990-01-31,87.54488662861573,177.4812621363349,37.80730465975774,121.87978029703079
1990-02-28,90.68627422846528,178.12843657178433,38.34756500123571,124.04708337656267
1990-03-31,88.66733501165382,180.06146417281158,35.99585930995126,125.98452034300827
1990-04-30,87.98197830719421,183.07526960575916,34.38796752799804,124.17054574034019
1990-05-31,90.69867530542734,184.15375497749136,34.93660533592259,129.63350523232876
1990-06-30,83.92633466649566,186.67857858027338,34.01447556729556,129.25929933962848
1990-07-31,88.15620871337549,186.44231634610452,32.5632203470768,127.28341119320868
1990-08-31,90.05985052789269,186.79989428412395,32.6373423023525,129.2338359799602
1990-09-30,90.38666702456436,186.19724155535155,32.88649234510522,128.79119886643707
1990-10-31,91.43652892140591,188.51163154973415,32.679580359749735,133.20948302572046
1990-11-30,89.0685003464292,189.66926517997632,32.193394937140035,135.16914442595248
1990-12-31,88.57877492745729,189.08653583372057,33.697861061668334,135.03657084071418
1991-01-31,91.94552396463743,189.7571668449443,34.40960597128394,138.49750456425684
1991-02-28,95.98567089535501,192.11313184400888,34.162844170953306,140.53850464152848
1991-03-31,104.22956548691705,192.42191914030167,38.50890785772451,138.22897525073574
1991-04-30,104.51955923899645,190.98080825259314,39.03615591401935,140.34746031201195
1991-05-31,102.97720706041166,191.61469600648132,41.40175698236036,139.54083972122828
1991-06-30,101.90346176807076,188.20287066195854,40.40608405212072,139.64551010345818
1991-07-31,99.30071933741188,190.02612482484875,37.814153064781,140.1993186048496
1991-08-31,99.56529193603598,189.60554458748732,36.46842957341114,138.63098731343973
1991-09-30,101.20632437954295,189.09491649933275,36.125608496162826,136.13561093982608
1991-10-31,101.60838994091031,191.1290023449078,35.37309724211404,137.15890967701375
1991-11-30,105.45837302476178,188.9020381619741,37.87819555009859,134.5770986005478
1991-12-31,105.24466436949103,192.95795125960987,37.8023612774585,129.64780333046212
1992-01-31,104.67386787212332,192.4172019573037,38.825801383735,128.2811101127374
1992-02-29,103.3719286191307,191.79521153674187,38.89087118265896,129.17476588363957
1992-03-31,98.82573087101512,194.1374621162384,38.20336938213913,128.91018793172717
1992-04-30,94.67178578964707,195.90158005782516,38.42876164651836,131.61819962293222
1992-05-31,91.79615510795047,201.09538096845588,41.875920462188624,132.24421558582517
1992-06-30,95.8391186773416,201.0728462529808,40.43549643670635,130.988603734733
1992-07-31,98.89234293694652,201.23288689004667,42.1479204039826,130.3868744096715
1992-08-31,103.46600719102267,198.65848241112093,40.154308486826906,127.83805609156092
1992-09-30,99.84817860795062,198.39605003170922,39.39212662319473,130.1758253014843
1992-10-31,94.45051181185708,197.3615509376657,39.55675263482151,127.73938929914029
1992-11-30,93.05248465307692,196.87058050237937,40.3604965798857,126.23128344524082
1992-12-31,94.00855878994126,193.83052910200496,43.51492896204862,126.18024898228191
1993-01-31,95.88503620469595,197.4369545798604,43.58002154861876,126.43706351273707
1993-02-28,99.37900682921473,195.0349297148467,41.9161023192339,123.84007714803467
1993-03-31,100.72344480375752,189.95972531596564,43.446128021220474,122.4056329612264
1993-04-30,106.49289010996426,188.08211699977062,42.828824126324484,123.13708116731179
1993-05-31,106.3141768909416,187.32256701958923,43.511261974011504,125.47001788394772
1993-06-30,103.93354981032616,185.54383797305718,43.43245777120826,126.37780016737084
1993-07-31,99.21116824511424,187.95276019107237,39.38573222110907,126.58162905431513
1993-08-31,97.06134747714694,188.06959317065846,40.54426193059411,123.86820867069419
1993-09-30,98.25166308078174,188.49347495993092,41.88905024184106,122.96890872897602
1993-10-31,96.12337409722842,190.02101055725927,43.99733612750886,124.17676021287096
1993-11-30,99.30527635536934,190.94453647245794,48.13410373927019,126.43854056467877
1993-12-31,104.00935053171798,193.1949463355823,45.45037770367306,128.3781885234162
1994-01-31,97.1356214331441,191.43788166390078,46.805952135956,128.90082571446868
1994-02-28,100.13920725509712,190.77260037356146,47.95104804561296,131.48773728800433
1994-03-31,93.91173804138208,192.42462841649905,47.13808119918646,137.43386400145346
1994-04-30,95.51246095415402,187.93237066765266,48.26257482490686,136.48448066374115
1994-05-31,99.49973531701798,185.7238186159535,49.66133755206289,135.19514767985916
1994-06-30,100.19082895604942,187.0257281577593,46.83390944978422,138.5449108262209
1994-07-31,96.84538952874723,186.50159035940493,47.59782381288818,139.31133682295723
1994-08-31,95.62872708577403,188.62044900855278,45.60351234512952,139.82464550975763
1994-09-30,95.3562460935692,190.52396941578306,44.29957909741817,140.92724881985816
1994-10-31,95.31168197046676,188.6223632419868,40.54575499789872,139.82557857901628
1994-11-30,95.20808720552014,189.7666541771418,39.748299212340214,137.934866995158
1994-12-31,95.37027576450176,192.42660929951475,39.50271301116034,136.60280065367084
1995-01-31,96.45791667736775,193.09516553815178,40.746765764506236,139.42900247718427
1995-02-28,93.44291135704675,191.59391844643287,40.9115862826279,136.7032198602117
1995-03-31,93.23167478855567,193.66196393146137,37.92035989005264,137.99914173480826
1995-04-30,97.94433411285931,195.27986347675096,39.706689559390895,137.1207341556811
1995-05-31,97.303840588246,196.730032800931,39.63008220526847,136.66816671588813
1995-06-30,96.49475109751674,198.53195968642612,40.756310866357694,138.46456926831252
1995-07-31,100.09843626668189,192.98376000936736,42.88773574587245,140.49443682717913
1995-08-31,92.91381695145388,195.06979395809495,46.1099015160863,141.49822013382175
1995-09-30,96.67137788952509,198.9870525433983,50.815940288666205,137.80557009925255
1995-10-31,95.32212456957485,200.25388067942038,50.83566002746152,141.32849654872416
1995-11-30,96.26751578653787,201.04033573546448,51.829813495963826,144.38867510120946
1995-12-31,97.02703189502229,202.8425390541132,49.24257003903079,144.8754890994107
1996-01-31,100.25551358240659,203.9342892707721,52.05333635550733,145.18753167134582
1996-02-29,99.95195568884526,205.6713633329629,49.17768246614377,149.4011261951514
1996-03-31,98.41861538104476,206.0857314858882,44.93548848026151,151.8226740409017
1996-04-30,102.74267402876993,204.9178336410498,46.98092047303973,152.05960606870582
1996-05-31,95.96934120365711,203.26963296369672,45.94335500745017,151.69693172251465
1996-06-30,96.50773165034042,201.64715156737321,47.913422796634215,151.55994079723746
1996-07-31,93.08771355943922,199.2817446767075,49.08268914815631,154.53937898586761
1996-08-31,91.42635836462088,197.5524932578559,45.27877423320557,157.25925301222395
1996-09-30,97.39994638012459,201.42702339199565,39.3027019339448,153.76788605453288
1996-10-31,97.75663834765724,203.34882988761055,37.304942161369176,155.14712801831607
1996-11-30,98.81750227450597,202.4845416619514,37.48492262841346,157.46841141669168
1996-12-31,94.03010203950262,202.099025888177,35.34495275016411,154.22504281547518
1997-01-31,92.44368823996554,202.7307016134791,34.33274143194682,154.52663431734345
1997-02-28,93.45102141339227,201.80717197904013,31.96560065426793,150.7166790730504
1997-03-31,94.9128505837299,202.34704018307085,32.36497560802651,151.31086338414906
1997-04-30,97.1439286775758,204.3251932208246,32.64141445611397,146.88524494417592
1997-05-31,97.65479276087628,204.6608121978815,31.986313306055678,145.6769400604728
1997-06-30,99.68700132750314,205.75782637032205,34.34860698112192,144.63302075161013
1997-07-31,101.54252107795998,207.99336774540586,37.058222651202406,143.38444043191643
1997-08-31,96.47634005580109,207.8433384768497,38.253845434258125,146.79310730005744
1997-09-30,97.0658270544105,208.85094344271246,34.96445238635211,148.26583242251797
1997-10-31,99.787268658792,208.62250730806062,33.17306589321537,147.67372794207353
1997-11-30,102.05207988652703,208.9802346791215,33.98104622179579,145.9022091495831
1997-12-31,101.44836383568298,208.71957307843525,33.0490181973154,145.67144368607742
1998-01-31,99.50372092328568,208.03315732410925,32.376319590584636,143.7141009963262
1998-02-28,96.66295359921564,208.81060189117258,33.961087652381885,146.09920896822692
1998-03-31,96.76622633211316,210.4112297789012,34.964425233275584,150.76729638597507
1998-04-30,100.53937338610892,211.13989322251098,37.40171565651196,153.4506524965644
1998-05-31,95.15507541297752,212.6151845762077,36.748664315622854,154.52102530081822
1998-06-30,93.7470893708381,211.47145992875372,39.42254383960106,154.4461704102131
1998-07-31,91.01022993807244,209.34884646399016,38.487970845905416,153.81655602578735
1998-08-31,93.60845602275432,210.64061991963382,41.527541967096234,158.1509940716751
1998-09-30,92.51985625381143,212.5108587861554,41.913404765183046,157.10102422705634
1998-10-31,91.67615568067713,213.04183260914633,40.277713717494265,161.09397900862598
1998-11-30,91.53786338262947,216.33979640520846,37.153734955381196,158.6819045831218
1998-12-31,93.21866309610122,218.73618972955842,36.74230877106489,158.2941693455223
1999-01-31,92.5874170769479,225.03704062911726,36.418548960799576,154.54088021587404
1999-02-28,84.58931863760839,225.03522117314833,38.12596326992314,155.21908488058014
1999-03-31,86.39101671180184,223.2375300180161,38.06764865059943,152.58720337525224
1999-04-30,87.96085282016418,222.03174198765066,37.39683581391144,156.70335626895937
1999-05-31,87.82132660183412,221.22022084123034,39.560312834229535,157.98582971148608
1999-06-30,85.40438721147193,222.7157389606282,39.2738436307019,159.57531743500283
1999-07-31,86.73271609110704,218.35481208904613,38.29937745602635,160.5710956187354
1999-08-31,88.15314350741662,221.6706413110747,39.552933156499805,158.2607806763483
1999-09-30,87.35086294009565,221.58353230547604,38.74243774921413,158.87194809439552
1999-10-31,87.21966682536467,221.47984548723633,40.17358754838761,163.5676008059064
1999-11-30,85.22192695212296,219.5322776018216,39.13526680611351,163.91572563834708
1999-12-31,85.1914453900742,219.72058020232345,38.855529517717024,161.74298285949448
2000-01-31,81.65490311053912,220.18911185706463,39.30659748413223,157.57241742663743
2000-02-29,83.08546146301859,220.360980627741,38.72854224012633,156.2015523871145
2000-03-31,81.14699001479556,221.5488568903003,38.857408619126865,152.38501215002896
2000-04-30,82.13236557765875,220.68563155527949,40.59719462991363,154.5881581649145
2000-05-31,79.07877559872065,219.1500661499557,41.59304745031384,156.70872261471186
2000-06-30,78.07433839167345,220.79002774296077,42.75966972984812,154.9637353515315
2000-07-31,78.20591846763745,221.44945569709984,41.57216862418489,156.70083537718122
2000-08-31,74.70065143738759,222.3290109819664,43.51115644540297,155.65927316280425
2000-09-30,75.33220332863036,225.1281938247606,45.14187265857662,155.8640874175912
2000-10-31,74.85200370632076,223.27636946766978,47.58950831285615,157.04543328149512
2000-11-30,71.31369814756793,221.8133723634367,46.05149670565781,156.31369576836914
2000-12-31,68.88209482691265,225.04568041368316,45.838603867633516,157.60688682506603
2001-01-31,70.47696347144974,222.15860683271677,47.47397376268397,153.93686534769796
2001-02-28,72.72283028321714,219.69395226439485,46.218726012205394,154.51599504950778
2001-03-31,72.79866134592496,221.9301331499159,45.88104629249304,154.74401734183328
2001-04-30,74.04663819506955,222.90263141953358,50.48246958719947,150.30349895206015
2001-05-31,74.91411728639268,223.5830018849768,55.61088526271284,146.5240644301627
2001-06-30,76.02949031512689,223.82523303260592,59.28103838621541,142.7301382100187
2001-07-31,79.3428190250541,224.34286815866918,62.30017761429796,143.90260956144854
2001-08-31,76.15244808476253,224.58490693496498,59.3744019423678,144.45798648737787
2001-09-30,78.0786345492628,228.07819648101338,61.13355334759585,145.34053286007546
2001-10-31,77.57422559289593,227.62626380259934,60.28038388486287,142.73956557266644
2001-11-30,77.44019532615464,227.71418777880928,57.33094940253336,145.46369410780898
2001-12-31,77.12520795787387,232.2558306762917,56.10118380124984,147.8991372143655
2002-01-31,76.64283501604429,232.78423522461026,56.6500359153778,146.49343792146533
2002-02-28,74.20667461840067,238.4455859775036,55.32625041191422,149.37070149381702
2002-03-31,74.98585776061589,238.67215768620653,54.02387206589213,149.107236080389
2002-04-30,79.11969994690288,242.41314084474106,56.37942498323971,145.4327752249162
2002-05-31,79.38206161458682,238.88519565137787,57.01117472155284,142.16193081131826
2002-06-30,79.77567349622765,239.72999991350764,57.904705388928384,144.01086788866712
2002-07-31,78.52965955623434,236.41100144176335,58.46022111965577,144.07412723153612
2002-08-31,78.6455507699134,238.88020632760885,56.71897424549673,146.2667012118243
2002-09-30,80.13863598353961,236.46066559842276,53.05897847665806,146.36534393279211
2002-10-31,79.64920743801943,237.60459030668014,54.09512670485518,147.2457407561709
2002-11-30,78.96309950915067,237.40928913062083,52.940096668733155,152.23043555518854
2002-12-31,80.31320554709909,235.1344257602485,47.829306671472544,155.72454060152384
2003-01-31,78.50293440168375,231.79702181499158,47.081812909638714,155.02496226926436
2003-02-28,79.49010085825404,231.07603928377333,44.69896012273978,156.20695487979174
2003-03-31,81.84377523456136,235.56036894452288,46.439202911383994,157.6779060447744
2003-04-30,85.59209379400772,235.34015520431745,47.836152711605074,159.79408033144057
2003-05-31,85.7879747056536,237.969426115509,49.215970140343636,160.28387029291028
2003-06-30,89.73661650166366,238.30962038292446,47.77630059983581,159.4178601068436
2003-07-31,92.9700328828336,240.8755638698675,49.71494721620174,159.72803270048627
2003-08-31,90.65634538924,236.95673191371344,50.708375609875596,158.8967590389615
2003-09-30,87.79721148509084,236.475263542172,49.872056218284165,163.2267766359579
2003-10-31,87.43294883227728,239.19332328373025,48.94110094808406,166.59102635902096
2003-11-30,90.56899950471144,239.28121499275846,51.321371343224875,166.4154018870806
2003-12-31,90.825435643678,239.55290617184755,50.31135634474329,167.81734912118208
2004-01-31,89.64291329148831,239.00082796430593,51.27647022242069,167.73647979275083
2004-02-29,94.26555588183767,242.225855862933,54.13245933558885,171.0742037677045
2004-03-31,95.54823999264573,243.43096426484135,59.51685977471504,174.1078981631449
2004-04-30,89.37412022894455,244.024990044756,64.70635238531776,175.94110851381254
2004-05-31,90.67136938847437,246.08225381509206,67.8796255557403,178.59235875190703
2004-06-30,92.53931007523968,248.02193548579788,63.04010912472304,180.7191369503728
2004-07-31,93.62833670256865,249.04524186393596,61.12038515208553,184.26320689847242
2004-08-31,95.3596522642737,253.39614068105595,59.689901692931635,186.09975286427976
2004-09-30,95.6439891654122,253.75016667886476,64.86247884917888,186.89598213393083
2004-10-31,92.3393099030785,254.96329813494344,62.85395400681793,185.6515568506669
2004-11-30,91.77408989752334,253.83393169574197,64.31897400810121,181.64589039341635
2004-12-31,89.62946947611393,254.72264294191706,64.90063320512964,181.93330401610584
2005-01-31,87.56958463369948,259.2764763446999,62.12571833695803,180.2748303993636
2005-02-28,84.6892414360222,258.12721365365206,63.56027575410095,180.79765192568408
2005-03-31,86.26231638361408,255.71735650596108,65.08030731064194,184.2522116666572
2005-04-30,86.94697041358177,258.7776786283101,61.254317779048414,185.09836602019735
2005-05-31,86.21270664976792,258.91026039023177,65.24466123749666,184.31632078396711
2005-06-30,84.96433477461711,259.6766456480851,58.69895788238183,182.3262704861853
2005-07-31,85.32945259239509,260.07885022560936,57.19991225204248,178.7796547472488
2005-08-31,88.51871271707017,260.80478679593523,60.20854267708579,182.71139122225085
2005-09-30,83.63898842635696,263.54462110532444,56.857161088219705,178.20748868708571
2005-10-31,85.00283049745715,261.8602436788171,58.08034602318517,176.0651236308806
2005-11-30,84.03623277710847,259.734530084057,54.548014411188525,170.30814111154885
2005-12-31,79.70520909827991,260.4746907356812,54.51249235024668,169.8411351323618
2006-01-31,75.45125501116878,256.8112713042029,48.42406536304737,169.30880743010624
2006-02-28,73.762391480645,253.79873760521468,46.57772426665932,168.62066595185507
2006-03-31,74.6169499316927,259.04395334598007,43.170746677192575,168.79823219712634
2006-04-30,75.86990939929505,261.5242171602069,42.476207627130144,167.0564072706162
2006-05-31,74.1120455408914,262.0209654851979,41.76423970852748,165.10103965341872
2006-06-30,76.74381094954568,265.7888451425403,40.52454307068151,169.93311719380827
2006-07-31,80.40368529752207,263.5546261566199,42.30339462801095,169.42145805588078
2006-08-31,81.76110835783221,263.2499487769549,40.59670731301762,172.0669536868247
2006-09-30,80.71930177144826,265.4176899819666,42.04679464700643,170.25137793055862
2006-10-31,83.84576822446844,268.31252556410925,45.64027301173463,174.7104196686881
2006-11-30,86.16509903808127,270.22537076100485,46.140180393084094,179.0279914414735
2006-12-31,88.83813189844454,263.8987495125288,44.34608821681232,180.00642958429867
2007-01-31,87.53275236162702,261.8717904087826,41.753308770044,177.39760109948367
2007-02-28,80.52692539646281,263.6448407445241,40.43852818284088,177.98390385848887
2007-03-31,86.04332020345267,263.2336826790422,42.02501802166614,178.46616326001657
2007-04-30,82.31537701616385,270.4468952883022,42.52005326580641,179.46456699513013
2007-05-31,82.63862603163521,273.4936372368804,44.68176260358325,177.19015703944066
2007-06-30,88.95406490447348,275.5669429454181,46.58147672781298,173.49662785400906
2007-07-31,90.28101961600208,273.0401330918066,47.09576103989895,174.26616270182583
2007-08-31,93.30339289907404,273.48983909320134,48.39910858539059,174.58779360413007
2007-09-30,89.56454894147211,274.6964871050166,53.08231815685096,174.94240329381708
2007-10-31,85.23589351711293,278.34386209333314,57.05196313940493,177.98675251491974
2007-11-30,84.29991103109535,281.3531241432923,56.416558262111394,174.4043406627532
2007-12-31,87.4799137533514,284.82217776242334,59.433939889999344,177.39718991131136
2008-01-31,87.0086171675982,282.76031579390946,61.41264672843388,175.77428713517742
2008-02-29,85.36945403000882,287.3188410270955,65.14772729296521,175.08378755617449
2008-03-31,86.30331208391095,283.92724107043887,67.59603286615867,173.26524645223046
2008-04-30,89.53606642877504,282.97348812314624,64.57392429980793,173.8446970464679
2008-05-31,86.10251891142369,284.75840320577595,59.60275057130996,169.2226414745058
2008-06-30,83.40610747464288,284.9010911090285,61.5476688374386,168.1190922648906
2008-07-31,81.84974303390946,282.60468330607245,67.64894525265588,167.15470261607464
2008-08-31,84.94686783963624,280.84815438983725,65.29589809504243,170.65809017785924
2008-09-30,85.97002277275449,277.0616070076345,64.94300726900194,171.38517421939605
2008-10-31,91.89891120447068,279.0896277053561,61.83955069252056,173.51596747266348
2008-11-30,94.94015603867184,283.1659238573647,65.72873126346025,173.8784565944675
2008-12-31,95.31489857181886,283.4479755136802,58.41586155188452,171.49049584198693
2009-01-31,99.40889603936456,282.880090853559,52.0378416608018,174.16713202379606
2009-02-28,100.53668105610036,279.28094259756233,53.22175438780741,172.30674488020978
2009-03-31,98.9132508657806,282.389903424628,53.21551773811235,171.29122921401859
2009-04-30,101.42557279064658,289.19918340253685,52.152210455751444,172.10169309672497
2009-05-31,99.81394076308217,284.57935426109134,51.57568136387951,174.88682888120556
2009-06-30,99.44344009637535,282.1222023812134,53.1667599679478,174.70830997656185
2009-07-31,103.90183566645226,280.7691639271208,52.27939613984045,179.01624494305392
2009-08-31,104.10564487467408,279.7462715780685,49.62118496775387,177.83971863401052
2009-09-30,102.11782653740524,280.9417559403348,47.518827338317564,179.97092124404588
2009-10-31,101.2059009952286,286.03874047560345,49.819543697728115,180.34062552173788
2009-11-30,104.81426760549306,289.4957969323604,48.71170163475544,184.8852232744826
2009-12-31,103.60091456332792,291.60216077408194,45.53258702420533,185.84960127552878
2010-01-31,102.91651392959606,290.07437335213143,45.94733955048035,180.9878328975024
2010-02-28,101.85557000384377,287.4067675161136,47.291287106323594,184.30444002963944
2010-03-31,102.92686293579112,285.6915948989243,50.622865468027584,184.44760261340159
2010-04-30,102.25117969859015,290.6856748236818,51.37690162246409,183.28633366472812
2010-05-31,97.84874682634798,291.0875672408278,49.887713236597726,187.01519724326198
2010-06-30,95.73370425944702,290.3690575949729,51.26962251727451,186.45983138901673
2010-07-31,93.53339227366334,290.41622592795915,53.3388000618434,188.51085245628016
2010-08-31,97.48981562626247,293.39188349160344,53.44839714341649,186.71514524318283
2010-09-30,100.35408798027757,290.12687287101164,53.54300242925258,184.74680316257587
2010-10-31,102.62387480300495,294.81205670236614,54.45358927702284,190.13378465088542
2010-11-30,101.58113931657198,295.8629916871251,54.48120678091227,188.26942952548868
2010-12-31,99.60297398473773,295.8146359039786,55.380456982019986,186.99455102550363
2011-01-31,98.58448098042119,297.71626879478146,52.77227746480914,182.57683993531217
2011-02-28,95.96643176641263,298.9619049496505,49.94780551492545,187.40594872410705
2011-03-31,103.63568625483349,298.5308124765257,48.05950030837913,188.8995694220711
2011-04-30,97.17300118935354,298.373454879018,49.7949551610619,189.95111561656324
2011-05-31,99.30305825678629,296.3777465895423,50.63847564478203,193.10944728234597
2011-06-30,95.97277439762699,298.9158981989404,53.47483532015639,189.64505442456542
2011-07-31,96.1522142385427,297.92351592157416,53.18957134564467,188.48524183736367
2011-08-31,93.78301807645279,295.67044424001085,50.36083985012911,188.60369237772403
2011-09-30,90.93868521855916,296.7521945427527,53.44431707404786,184.60018939686844
2011-10-31,88.28274006970925,301.28995485695935,53.60794471900304,188.60073521422805
2011-11-30,93.37220336316027,301.74687727151127,57.26254582955415,188.92580069841998
2011-12-31,93.46654171959095,300.5154444725537,59.203592931220655,188.38748883289776
2012-01-31,91.78684834503984,302.330245283721,65.9191117700802,189.4317927122349
2012-02-29,93.7762006002978,308.79017331231046,65.45842621669635,187.67221112837856
2012-03-31,94.27419718526463,304.92441205827174,68.66825838570789,188.17455240827869
2012-04-30,96.78198630943764,306.6996904859129,72.0033524577902,198.22553449225998
2012-05-31,91.96924075998857,307.94208991169876,70.29281797195925,200.4199368408946
2012-06-30,93.26675358134264,312.13482556123296,69.96777583785803,205.8362186726195
2012-07-31,95.89508951821746,315.8520678331069,65.13391790811836,205.15155660135287
2012-08-31,91.5943914597161,315.8940473782891,60.350495557553714,203.24907649127556
2012-09-30,93.28392864697072,311.20454573609834,60.973822034509325,204.59977917214545
2012-10-31,98.49714271456585,314.337017937524,63.63535092268798,200.89129070340874
2012-11-30,98.94572518830653,312.340372177019,65.91993648980834,194.3413574383357
2012-12-31,101.87869199763506,310.0080003982391,67.30433623188003,196.86272036097807
2013-01-31,104.43759066872146,314.1879950717977,70.4777934092856,199.15027938005747
2013-02-28,102.74307290909313,311.95458852233446,68.68167461196234,202.03950549542046
2013-03-31,103.3793609689679,316.95473623596604,68.02050103277317,202.5289559151489
2013-04-30,99.036410418294,318.65312145933063,70.80091218014734,208.94418018674412
2013-05-31,98.1907294862202,320.3073084452753,72.61737588523246,209.0883678003384
2013-06-30,99.46432601598083,321.9321146104036,72.14467738385586,207.76913078387648
2013-07-31,102.11932874360434,317.30136701499737,77.1976703372716,198.81480467464553
2013-08-31,102.70532659860046,312.2994643858609,72.51948668593676,199.071775192523
2013-09-30,105.43723815609444,313.59723434708206,70.9288490248253,201.95396955413383
2013-10-31,102.47580279569857,316.00568418519816,70.20751052300564,202.37866218745637
2013-11-30,102.67553651411271,316.89875111094625,73.35468462330357,206.19619687112225
2013-12-31,103.24829983113952,314.9291159887879,73.6568516338386,213.7065257961599
2014-01-31,109.49355587836213,315.6185654352481,69.30560351884054,213.5782477860772
2014-02-28,109.33752759561617,315.99088754879386,71.36399442758385,217.94993894922402
2014-03-31,108.24737787077342,313.59833695390586,75.53003286513011,213.2012917479781
2014-04-30,108.85795117998919,317.4053334402851,78.62413778083449,216.9258728102721
2014-05-31,106.40065674057341,312.5481556045652,81.3726604251574,217.56631547398828
2014-06-30,107.54793410817067,315.0133554495131,74.07225728182802,217.27894137984146
2014-07-31,106.90784574746269,316.8540522149459,71.03571517946628,217.18095209717686
2014-08-31,101.69717590052497,320.6870732470414,73.03210508074325,217.106121960323
2014-09-30,102.02691917614563,318.1045421730949,73.12380351723255,216.53468917277348
2014-10-31,101.56511546464557,319.0633319970808,75.32686870205133,217.61305239869486
2014-11-30,97.09902320711743,326.6288498915223,70.85869474888989,217.47935485394314
2014-12-31,97.38895849804585,329.44463322689256,70.92425759132956,214.14389852360168
2015-01-31,102.22730806991474,330.4348818875386,66.27949527270813,215.91182950589692
2015-02-28,104.3371889764538,332.8773285706163,60.07017180102276,214.37496495238722
2015-03-31,106.77427781577073,333.82994639851904,61.19882752131478,218.17364628954152
2015-04-30,103.01102888285907,341.81147995456087,64.02189515268819,218.4992912925204
2015-05-31,104.99985777693043,345.8572843526657,65.06422419304421,219.35260953177328
2015-06-30,105.99247261377366,346.25289336566965,65.21713657034032,213.04874923524673
2015-07-31,108.20467936491082,347.81910403444095,60.38449998382619,209.4588347912921
2015-08-31,110.11761459680851,347.1554721539563,63.66370159260546,212.82991050113264
2015-09-30,106.17612837377662,352.0498440169591,63.778153338814946,210.91289810026913
2015-10-31,106.5751356791628,347.80375405059596,70.28212825441666,209.65025435071175
2015-11-30,104.68490566424575,342.91802070914434,73.87464952094902,209.19550208693286
2015-12-31,105.0510387320024,348.6060524979439,66.76375121205928,213.8932253374645
2016-01-31,102.74810693975944,356.809170517372,69.55130366717495,215.52139553420565
2016-02-29,107.3074628436063,359.19374371502613,64.97296656232561,220.1882891628778
2016-03-31,105.07877572812409,360.3170788341681,62.765524673380675,219.74434179922073
2016-04-30,102.77037736921076,363.4059607336635,62.22964305296399,220.8864946493476
2016-05-31,103.51418745046965,361.7813415711185,62.185887989638246,217.34156420262977
2016-06-30,100.68690733853165,363.12443144926635,63.67077883994501,221.61677460091926
2016-07-31,99.90760083776033,363.99196732908956,60.669163100886394,222.42118211715666
2016-08-31,97.91954569034027,367.0005948066165,57.42126370903332,223.01325317619148
2016-09-30,102.5545832404011,362.01673213071837,59.37532424755606,224.59101241758543
2016-10-31,105.4849896756846,360.9052148907088,59.57348859679879,229.91424189201314
2016-11-30,105.83054947720336,364.6766585173175,60.33118309260645,229.6343381788291
2016-12-31,105.11762075669654,362.94227883860157,53.955132228062226,235.82196961163163
2017-01-31,108.6104194896461,360.0628349832155,53.693079210008904,233.28149755551158
2017-02-28,110.47375314137788,368.13570352825155,51.51655189780957,235.2253784145013
2017-03-31,112.67677345927687,369.0123009034394,49.35124328920003,242.78511711687733
2017-04-30,113.15161962276437,367.6140463566945,51.82357970336023,241.48689144769824
2017-05-31,107.98659886273454,362.12788300486477,49.19179375900689,242.85825633545466
2017-06-30,108.16218728871738,365.49330525443315,46.70048371112749,246.5406130904154
2017-07-31,106.9751399940356,368.77958770139713,46.11436788135332,246.52372617192415
2017-08-31,109.58016203947363,368.4153824535998,47.33706459234553,241.46868342105373
2017-09-30,113.45439858264855,365.0914276451576,45.43407973258141,238.126904045188
2017-10-31,111.78224737315568,365.7319826591933,48.41942597766779,240.6781930359192
2017-11-30,113.91187323373819,363.40645365673396,52.12314292823508,244.37807386617382
2017-12-31,120.4135494499114,360.7096376625962,50.03444592848756,247.74275183554818
2018-01-31,118.6035674362582,361.0587585961023,49.62145721982806,252.49854066783914
2018-02-28,125.1810428290777,357.98473899189383,47.88799246597692,253.27618009924038
2018-03-31,122.60512047971906,359.5836740885643,44.04406615882254,254.57383999015343
2018-04-30,123.3025955901926,362.4890832402482,44.8875343611151,249.2830242650973
2018-05-31,123.87788008205737,360.17048544638294,46.71354774129874,250.96816113261448
2018-06-30,124.54000326264304,355.9628114152991,51.59946779749271,253.77654800594308
2018-07-31,122.03297049678847,362.2323117926262,49.49057302949322,252.06402086460778
2018-08-31,120.47882044147589,359.55081380340573,52.99508733893287,255.00309377134334
2018-09-30,118.66782996912052,357.8970860641809,56.7639752436863,248.56724085943233
2018-10-31,120.42516736929768,359.3752624713573,57.55257816296861,251.86485666066747
2018-11-30,122.21962922322368,362.247998251975,59.515591540656104,253.5030523958818
2018-12-31,130.99235009623737,362.04399143190653,62.35232200912514,262.0357440858339
2019-01-31,137.03498400342394,364.4363575910718,68.75621707971045,268.1139993756469
2019-02-28,135.62416810752006,363.7038909579719,70.6738574107194,274.71086533810336
2019-03-31,137.62409408963066,360.8991132440791,70.74404402310881,278.62850502380184
2019-04-30,142.42903832428723,366.76847637319844,67.96320601677985,281.88824516130336
2019-05-31,143.2719411682538,376.62883272026374,69.27258770955262,277.45570198479925
2019-06-30,143.68897035019165,383.7696006411868,73.09700581711937,276.6160185092473
2019-07-31,144.62973771461688,385.08135061523114,74.28340809063924,284.7487858930412
2019-08-31,149.11590614370735,392.91173097039865,71.68377387403814,279.09866758230964
2019-09-30,146.06654317067375,395.0951552730931,72.28977488740037,277.7717690154813
2019-10-31,145.36979348072336,393.9996106524925,72.1121101783017,272.41396513438804
2019-11-30,148.1482455215116,396.62514358102527,73.35510214240223,278.8876861178482
2019-12-31,150.27319686582595,397.0440094541042,67.55326971484789,277.07861980658237
2020-01-31,152.10464886728184,393.93468561859606,69.68386138392474,284.05213880153667
2020-02-29,151.1777178150777,391.1837531558298,72.03716606549553,282.8572912596874
2020-03-31,156.3443786370347,395.1036167559982,73.92761377982993,281.28404432272333
2020-04-30,167.1346496862946,388.5981093453969,74.20941543031816,287.2410603273027
2020-05-31,170.00810626960575,391.7229695153088,67.80537937442875,291.8606077563312
2020-06-30,169.87289864477685,386.1229621749187,68.01109142991724,280.55270064357194
2020-07-31,174.57365694291545,378.7048587772546,71.89015503570417,283.01233754933276
2020-08-31,172.62297454837264,372.4984670609151,69.08597574247943,286.1261816914394
2020-09-30,169.60367610233024,380.5696296412002,62.490788541225676,287.5989028952884
2020-10-31,170.61862900894988,380.58396202686674,57.92721757260703,285.3369748953744
2020-11-30,158.25152553820672,381.6746516484428,59.068458171571486,286.02923853998925
2020-12-31,153.5643510025988,387.85493770422335,60.40599255086191,284.89343868267855
2021-01-31,152.72913666026747,392.25390986122085,63.32448752667455,286.36629372017353
2021-02-28,147.29172498745305,387.5801838557803,63.4028230974903,286.06964288372757
2021-03-31,143.46519009916773,391.72344060470726,58.90018165936455,283.97306067759376
2021-04-30,142.3027705518963,393.22836867296263,56.72528025750653,285.2386027222338
2021-05-31,136.0003290089553,392.6712502010195,59.2746260233655,289.24237823034247
2021-06-30,135.02355371722226,393.55197613765165,59.92811664602338,291.0747542613884
2021-07-31,133.53044909138757,399.37580558795565,62.1149824199647,289.2396339309424
2021-08-31,134.29987240339184,396.6362214242412,63.713787300025054,291.27698304520044
2021-09-30,139.62157480617017,399.0195516769192,63.31570179933316,296.53362551707164
2021-10-31,141.04224282895365,399.7790565183551,63.01809635479531,304.2230575022
2021-11-30,141.83657308495629,393.3939268878815,69.12172122902369,310.3419837059194
2021-12-31,142.96894433127892,391.02469948580284,70.83135806681041,313.4642422015009
2022-01-31,144.65909220316414,392.5622616006723,70.65928195810805,309.34630618992713
2022-02-28,140.96997296670713,398.4402615695141,72.55090156338862,303.6285684225987
2022-03-31,141.18942659863515,403.2268480173462,73.64970607851554,303.31409478648663
2022-04-30,143.20314605552417,406.44142287085236,65.99987176210563,297.50933887999065
2022-05-31,138.03024752618634,403.9406877191513,68.40914597830923,294.60214576916155
2022-06-30,142.30498738005844,412.02440527635514,74.91122759316431,294.43957412035655
2022-07-31,147.63306840505882,413.735297343614,72.28828636317036,292.8898926131756
2022-08-31,145.5748745123223,410.39907855482085,77.83292713834166,292.0350141339218
2022-09-30,145.2487673237079,410.4692363558627,77.1446128250709,286.80172641064587
2022-10-31,142.14832921726403,414.9689988959853,78.58517814371758,288.3711058581977
2022-11-30,145.84154388022546,415.83054715028914,83.10524048687992,293.25831000015546
2022-12-31,141.92764269559012,420.3500625232896,80.44586684391142,291.43363860838156
2023-01-31,141.69001178053585,425.83014088859403,85.76532530453532,295.18914869605516
2023-02-28,138.74745068376433,428.38738154889995,80.90149959944485,307.5696474709376
2023-03-31,139.6532812182857,425.5698665036509,77.68503901940704,307.7612124732935
2023-04-30,132.83444747373412,426.9974604659688,75.690396724887,311.3829926225594
2023-05-31,138.78461369186522,428.04431244475734,78.49853075282398,312.9248215004547
2023-06-30,135.46236086187983,436.8592273003489,77.47461785578835,318.1019611293062
2023-07-31,136.38307692152938,430.62820830394315,71.89654430686282,310.5375766078906
2023-08-31,136.19545590326183,430.90888121501195,71.40573222334811,306.2352798616511
2023-09-30,133.76253718072485,429.25378800969895,68.8914600499878,307.5067561638193
2023-10-31,130.86879816057626,431.5507491542431,71.68602015343451,312.2129743995189
2023-11-30,135.19950271119987,421.89452339930995,70.74250648249657,313.44866976350636
2023-12-31,133.7435098209898,427.44211810263187,71.27581328458628,306.2491930344375
2024-01-31,135.50024493766074,428.3557691643112,70.11589758036456,303.0782279011889
2024-02-29,132.91965543371774,421.3105968443979,71.91766218331422,300.0715125296373
2024-03-31,131.0035597231572,420.63181013483063,71.54516190668487,302.4225365741802
2024-04-30,133.5145592536917,424.0345630758412,72.99466228901821,299.57051531927925
2024-05-31,137.9088244584851,418.13434315671464,63.82146481479815,297.11041032164485
2024-06-30,137.87303821218126,418.98408503658777,64.38708534521965,302.5389781061417
2024-07-31,132.68107101932188,415.3914069189167,65.97716842674757,309.2038343898211
2024-08-31,141.2972049497424,413.9126756865739,65.58368041309498,307.9054497416016
2024-09-30,138.3728502798372,414.85117459311095,68.04107623048436,310.4837083674792
2024-10-31,132.66529925779435,416.4419224740744,70.8260213936099,302.3421247791941
2024-11-30,143.6543291842246,415.31443720968787,75.72793952948315,303.846248396653
2024-12-31,142.6313711858881,417.27802887401316,76.42770964350537,309.8774963850187
